customer_id,actual_churn,predicted_churn,churn_probability,risk_category
4180,0,1,0.525,Medium Risk
4975,0,1,0.28,Low Risk
3294,0,1,0.435,Medium Risk
4177,0,1,0.32,Low Risk
1933,0,1,0.295,Low Risk
3362,0,1,0.295,Low Risk
4055,0,1,0.42,Medium Risk
1341,0,1,0.485,Medium Risk
3468,0,1,0.505,Medium Risk
1610,1,1,0.315,Low Risk
1424,1,1,0.41,Medium Risk
715,0,1,0.435,Medium Risk
2170,1,1,0.33,Low Risk
250,1,1,0.375,Low Risk
371,1,1,0.345,Low Risk
1649,0,1,0.3,Low Risk
3307,0,1,0.405,Medium Risk
1939,0,1,0.44,Medium Risk
2758,0,1,0.415,Medium Risk
498,1,1,0.245,Low Risk
1648,0,1,0.51,Medium Risk
4357,1,1,0.225,Low Risk
3002,0,1,0.395,Low Risk
2219,0,1,0.315,Low Risk
3460,1,1,0.27,Low Risk
4646,0,1,0.485,Medium Risk
4178,1,1,0.28,Low Risk
2882,0,1,0.37,Low Risk
1501,0,1,0.49,Medium Risk
2939,0,1,0.38,Low Risk
1165,0,1,0.235,Low Risk
2623,0,1,0.335,Low Risk
325,0,1,0.37,Low Risk
4548,0,0,0.115,Low Risk
3810,1,1,0.57,Medium Risk
2611,1,1,0.39,Low Risk
2755,0,1,0.17,Low Risk
1147,0,1,0.375,Low Risk
1124,1,1,0.34,Low Risk
3426,1,1,0.305,Low Risk
1522,0,1,0.39,Low Risk
2867,0,1,0.31,Low Risk
67,0,1,0.595,Medium Risk
3108,1,1,0.355,Low Risk
373,0,1,0.34,Low Risk
4769,0,1,0.445,Medium Risk
442,0,1,0.52,Medium Risk
4201,0,1,0.36,Low Risk
3033,0,1,0.51,Medium Risk
368,1,1,0.3,Low Risk
4700,0,0,0.15,Low Risk
4602,1,1,0.54,Medium Risk
2825,0,1,0.38,Low Risk
837,1,1,0.395,Low Risk
4021,0,1,0.625,Medium Risk
4453,0,1,0.455,Medium Risk
3589,0,1,0.31,Low Risk
1407,1,1,0.36,Low Risk
680,0,1,0.355,Low Risk
2543,0,1,0.405,Medium Risk
3179,0,1,0.405,Medium Risk
3864,1,1,0.285,Low Risk
1485,0,1,0.495,Medium Risk
1866,0,1,0.535,Medium Risk
4982,0,1,0.525,Medium Risk
4725,0,1,0.305,Low Risk
4503,0,1,0.53,Medium Risk
150,1,1,0.41,Medium Risk
3004,0,1,0.45,Medium Risk
3227,0,1,0.425,Medium Risk
2404,0,1,0.3,Low Risk
3801,0,1,0.415,Medium Risk
931,0,1,0.43,Medium Risk
1586,0,1,0.59,Medium Risk
4085,1,1,0.475,Medium Risk
1636,1,1,0.405,Medium Risk
3034,1,1,0.475,Medium Risk
3433,1,1,0.465,Medium Risk
2507,0,1,0.355,Low Risk
3356,0,1,0.705,Medium Risk
126,0,1,0.245,Low Risk
4125,0,1,0.24,Low Risk
2259,1,1,0.61,Medium Risk
4738,0,1,0.255,Low Risk
3676,0,0,0.115,Low Risk
750,0,1,0.44,Medium Risk
4287,1,1,0.53,Medium Risk
3529,1,1,0.275,Low Risk
1096,0,1,0.285,Low Risk
1092,0,1,0.62,Medium Risk
355,0,1,0.71,Medium Risk
786,0,1,0.76,High Risk
999,1,1,0.38,Low Risk
4084,0,1,0.335,Low Risk
1393,0,1,0.325,Low Risk
2159,0,1,0.39,Low Risk
3778,0,1,0.485,Medium Risk
831,0,1,0.535,Medium Risk
4239,0,1,0.375,Low Risk
4013,0,1,0.215,Low Risk
4955,0,1,0.385,Low Risk
1235,0,1,0.5,Medium Risk
2118,0,1,0.475,Medium Risk
1283,0,1,0.45,Medium Risk
2283,1,1,0.3,Low Risk
4990,0,1,0.695,Medium Risk
1547,0,1,0.285,Low Risk
2936,0,1,0.51,Medium Risk
2892,1,1,0.39,Low Risk
3194,0,1,0.405,Medium Risk
2534,0,1,0.375,Low Risk
574,1,1,0.55,Medium Risk
315,0,1,0.715,Medium Risk
3287,1,1,0.47,Medium Risk
4976,1,1,0.49,Medium Risk
1614,0,1,0.425,Medium Risk
2045,0,1,0.54,Medium Risk
4375,0,1,0.265,Low Risk
4022,0,1,0.415,Medium Risk
614,0,1,0.32,Low Risk
2200,0,1,0.595,Medium Risk
2868,0,1,0.52,Medium Risk
2193,0,1,0.4,Medium Risk
2358,0,1,0.37,Low Risk
884,0,1,0.235,Low Risk
1394,1,1,0.57,Medium Risk
4127,0,1,0.295,Low Risk
3011,0,1,0.41,Medium Risk
3213,0,1,0.27,Low Risk
4587,1,1,0.375,Low Risk
1294,1,1,0.43,Medium Risk
4920,1,1,0.3,Low Risk
2560,0,1,0.535,Medium Risk
878,0,1,0.33,Low Risk
1715,1,1,0.275,Low Risk
4805,1,1,0.305,Low Risk
3430,0,1,0.38,Low Risk
1889,0,1,0.32,Low Risk
3277,0,1,0.45,Medium Risk
605,0,1,0.665,Medium Risk
1911,0,1,0.24,Low Risk
306,0,1,0.55,Medium Risk
2423,0,1,0.53,Medium Risk
3585,0,1,0.39,Low Risk
4413,0,1,0.29,Low Risk
1502,0,1,0.34,Low Risk
2171,1,1,0.335,Low Risk
1371,0,1,0.57,Medium Risk
2160,1,1,0.39,Low Risk
4931,0,1,0.41,Medium Risk
1800,1,1,0.31,Low Risk
4318,0,1,0.52,Medium Risk
601,0,1,0.335,Low Risk
3542,0,1,0.48,Medium Risk
3052,0,1,0.18,Low Risk
352,1,1,0.495,Medium Risk
4967,1,1,0.43,Medium Risk
4463,1,1,0.195,Low Risk
15,1,1,0.595,Medium Risk
1289,0,1,0.445,Medium Risk
1274,0,1,0.22,Low Risk
3,0,1,0.39,Low Risk
1515,1,1,0.385,Low Risk
2581,0,1,0.42,Medium Risk
1263,0,1,0.39,Low Risk
2150,0,1,0.64,Medium Risk
4256,0,1,0.415,Medium Risk
2713,1,1,0.505,Medium Risk
4349,0,1,0.305,Low Risk
2190,1,1,0.65,Medium Risk
3130,0,1,0.415,Medium Risk
2915,0,1,0.4,Medium Risk
4431,0,1,0.32,Low Risk
1460,0,1,0.38,Low Risk
18,1,1,0.41,Medium Risk
563,1,1,0.505,Medium Risk
681,0,1,0.555,Medium Risk
4885,1,1,0.325,Low Risk
2929,0,1,0.35,Low Risk
4968,0,1,0.495,Medium Risk
2782,0,1,0.535,Medium Risk
3655,0,1,0.255,Low Risk
264,0,1,0.185,Low Risk
2366,0,1,0.3,Low Risk
2866,0,1,0.425,Medium Risk
1518,1,1,0.775,High Risk
2617,1,1,0.49,Medium Risk
2792,0,1,0.395,Low Risk
3407,1,1,0.385,Low Risk
4281,1,1,0.37,Low Risk
3234,0,1,0.53,Medium Risk
1751,1,1,0.49,Medium Risk
149,0,1,0.54,Medium Risk
2810,0,1,0.43,Medium Risk
662,1,1,0.51,Medium Risk
1690,0,1,0.61,Medium Risk
3951,1,1,0.345,Low Risk
4444,1,1,0.22,Low Risk
419,1,1,0.36,Low Risk
3508,0,1,0.525,Medium Risk
2858,0,1,0.48,Medium Risk
1531,0,1,0.265,Low Risk
4297,0,1,0.28,Low Risk
49,1,1,0.365,Low Risk
1356,1,1,0.41,Medium Risk
4811,0,1,0.395,Low Risk
915,0,1,0.49,Medium Risk
2368,0,1,0.4,Medium Risk
3406,1,1,0.49,Medium Risk
565,0,1,0.4,Medium Risk
81,1,1,0.43,Medium Risk
1534,0,1,0.4,Medium Risk
2402,0,1,0.34,Low Risk
3635,1,1,0.365,Low Risk
3076,0,1,0.315,Low Risk
2062,0,1,0.4,Medium Risk
4719,1,1,0.395,Low Risk
1160,0,1,0.47,Medium Risk
4176,1,1,0.41,Medium Risk
1340,1,1,0.595,Medium Risk
2888,0,1,0.405,Medium Risk
2958,0,1,0.335,Low Risk
2588,0,1,0.45,Medium Risk
2382,0,1,0.57,Medium Risk
3039,0,1,0.335,Low Risk
4495,0,1,0.52,Medium Risk
3449,0,1,0.47,Medium Risk
1196,0,1,0.45,Medium Risk
807,0,1,0.465,Medium Risk
2232,1,1,0.315,Low Risk
829,1,1,0.67,Medium Risk
1312,0,1,0.495,Medium Risk
2134,1,1,0.56,Medium Risk
1495,0,1,0.385,Low Risk
1181,1,1,0.365,Low Risk
155,1,1,0.34,Low Risk
966,0,1,0.26,Low Risk
4900,1,1,0.77,High Risk
3856,0,1,0.35,Low Risk
3816,0,1,0.48,Medium Risk
1698,1,1,0.475,Medium Risk
1326,1,1,0.33,Low Risk
2323,0,1,0.23,Low Risk
3654,1,1,0.465,Medium Risk
2891,0,1,0.41,Medium Risk
3437,0,1,0.38,Low Risk
1281,1,1,0.37,Low Risk
1834,1,1,0.625,Medium Risk
2731,0,1,0.325,Low Risk
2741,0,1,0.29,Low Risk
3027,0,1,0.28,Low Risk
2060,1,1,0.32,Low Risk
618,0,1,0.56,Medium Risk
2435,0,1,0.36,Low Risk
791,0,1,0.52,Medium Risk
1058,1,1,0.545,Medium Risk
3714,0,1,0.315,Low Risk
2889,0,1,0.205,Low Risk
194,0,1,0.39,Low Risk
3632,1,1,0.425,Medium Risk
2917,1,1,0.575,Medium Risk
755,0,1,0.195,Low Risk
2898,1,1,0.54,Medium Risk
4162,1,1,0.56,Medium Risk
3080,0,1,0.34,Low Risk
2832,0,1,0.475,Medium Risk
4027,0,1,0.49,Medium Risk
190,0,1,0.38,Low Risk
3774,0,1,0.445,Medium Risk
3024,1,1,0.395,Low Risk
4501,0,1,0.315,Low Risk
2510,0,1,0.625,Medium Risk
3431,0,1,0.515,Medium Risk
2663,0,1,0.505,Medium Risk
616,0,1,0.425,Medium Risk
4921,0,1,0.535,Medium Risk
974,0,1,0.51,Medium Risk
2655,1,1,0.215,Low Risk
1541,0,1,0.625,Medium Risk
4813,0,1,0.405,Medium Risk
4058,0,1,0.4,Medium Risk
3496,0,1,0.525,Medium Risk
4263,1,1,0.51,Medium Risk
3679,1,1,0.26,Low Risk
612,1,1,0.315,Low Risk
2012,0,1,0.495,Medium Risk
809,0,1,0.595,Medium Risk
51,1,1,0.515,Medium Risk
982,0,1,0.38,Low Risk
1548,0,1,0.435,Medium Risk
2590,0,1,0.355,Low Risk
4785,0,1,0.635,Medium Risk
1171,0,1,0.425,Medium Risk
3197,0,1,0.435,Medium Risk
705,1,1,0.44,Medium Risk
977,0,1,0.5,Medium Risk
3965,0,1,0.49,Medium Risk
2052,1,1,0.395,Low Risk
4735,0,1,0.56,Medium Risk
3439,0,1,0.35,Low Risk
1750,1,1,0.43,Medium Risk
426,1,1,0.17,Low Risk
4034,0,1,0.255,Low Risk
1054,0,1,0.34,Low Risk
3063,0,1,0.295,Low Risk
4644,0,1,0.325,Low Risk
4843,0,1,0.39,Low Risk
2124,0,1,0.32,Low Risk
295,0,1,0.535,Medium Risk
1611,1,1,0.18,Low Risk
2961,1,1,0.535,Medium Risk
2630,0,1,0.335,Low Risk
2029,0,1,0.48,Medium Risk
4573,1,1,0.48,Medium Risk
308,0,1,0.395,Low Risk
156,0,1,0.315,Low Risk
2041,0,1,0.325,Low Risk
1164,0,1,0.505,Medium Risk
4676,0,1,0.565,Medium Risk
3593,1,1,0.22,Low Risk
2226,1,1,0.27,Low Risk
2184,0,1,0.585,Medium Risk
1038,1,1,0.57,Medium Risk
4622,0,1,0.52,Medium Risk
2592,0,1,0.57,Medium Risk
995,0,1,0.355,Low Risk
4541,0,1,0.35,Low Risk
4801,0,1,0.295,Low Risk
955,0,1,0.5,Medium Risk
3013,1,1,0.425,Medium Risk
2414,0,1,0.565,Medium Risk
4806,1,1,0.485,Medium Risk
3114,0,1,0.28,Low Risk
784,1,1,0.42,Medium Risk
203,0,1,0.52,Medium Risk
4148,0,1,0.275,Low Risk
1745,0,0,0.14,Low Risk
4601,0,1,0.32,Low Risk
3417,1,1,0.325,Low Risk
3678,0,1,0.375,Low Risk
4112,1,1,0.435,Medium Risk
3735,1,1,0.415,Medium Risk
2256,1,1,0.44,Medium Risk
2710,1,1,0.405,Medium Risk
4434,0,1,0.535,Medium Risk
4191,0,1,0.345,Low Risk
3444,1,1,0.315,Low Risk
3210,0,1,0.275,Low Risk
1813,0,1,0.46,Medium Risk
4020,0,1,0.355,Low Risk
2883,1,1,0.215,Low Risk
3403,1,1,0.355,Low Risk
1988,0,1,0.47,Medium Risk
2919,0,1,0.195,Low Risk
3510,0,1,0.355,Low Risk
127,0,1,0.765,High Risk
2189,0,1,0.445,Medium Risk
449,0,1,0.445,Medium Risk
2292,0,1,0.51,Medium Risk
3640,0,1,0.355,Low Risk
396,0,1,0.475,Medium Risk
3942,0,1,0.49,Medium Risk
685,0,1,0.2,Low Risk
4045,1,1,0.49,Medium Risk
4486,0,1,0.36,Low Risk
3374,0,1,0.24,Low Risk
716,0,1,0.495,Medium Risk
3694,1,1,0.43,Medium Risk
2224,0,1,0.305,Low Risk
362,1,1,0.655,Medium Risk
2484,0,1,0.17,Low Risk
4283,0,1,0.465,Medium Risk
894,0,1,0.485,Medium Risk
4061,0,1,0.225,Low Risk
1924,1,1,0.425,Medium Risk
1572,1,1,0.335,Low Risk
4682,0,1,0.625,Medium Risk
935,0,1,0.5,Medium Risk
1520,0,1,0.43,Medium Risk
2544,0,1,0.415,Medium Risk
1605,0,1,0.365,Low Risk
1331,0,1,0.295,Low Risk
4998,0,1,0.4,Medium Risk
4257,1,1,0.49,Medium Risk
1215,1,1,0.33,Low Risk
4568,0,1,0.595,Medium Risk
3250,0,1,0.23,Low Risk
1238,0,1,0.405,Medium Risk
3440,0,1,0.45,Medium Risk
1234,1,1,0.62,Medium Risk
2303,1,1,0.29,Low Risk
4393,0,1,0.425,Medium Risk
3828,0,1,0.48,Medium Risk
3061,0,1,0.385,Low Risk
833,0,1,0.44,Medium Risk
3344,0,1,0.615,Medium Risk
723,0,1,0.575,Medium Risk
1962,0,1,0.45,Medium Risk
4758,1,1,0.625,Medium Risk
214,1,1,0.36,Low Risk
3859,0,1,0.535,Medium Risk
3706,1,1,0.435,Medium Risk
846,0,1,0.23,Low Risk
4952,0,1,0.365,Low Risk
4918,0,1,0.29,Low Risk
2747,1,1,0.425,Medium Risk
186,0,1,0.325,Low Risk
2280,0,1,0.515,Medium Risk
3971,0,1,0.46,Medium Risk
2379,1,1,0.405,Medium Risk
2046,0,1,0.275,Low Risk
4293,0,1,0.47,Medium Risk
1537,0,1,0.45,Medium Risk
1701,1,1,0.21,Low Risk
4985,0,1,0.29,Low Risk
1608,1,1,0.68,Medium Risk
3256,0,1,0.315,Low Risk
3328,0,1,0.52,Medium Risk
4374,0,1,0.415,Medium Risk
2730,0,1,0.355,Low Risk
469,1,1,0.355,Low Risk
3997,0,1,0.385,Low Risk
3601,1,1,0.375,Low Risk
142,0,1,0.39,Low Risk
972,0,1,0.495,Medium Risk
3646,0,1,0.52,Medium Risk
535,1,1,0.17,Low Risk
2061,0,1,0.285,Low Risk
4012,0,1,0.165,Low Risk
4600,0,1,0.46,Medium Risk
4657,1,1,0.49,Medium Risk
1991,0,1,0.385,Low Risk
1436,0,1,0.495,Medium Risk
1252,0,1,0.52,Medium Risk
3308,0,1,0.54,Medium Risk
430,0,1,0.385,Low Risk
2643,0,1,0.395,Low Risk
4313,0,1,0.435,Medium Risk
4011,0,1,0.235,Low Risk
1367,1,1,0.54,Medium Risk
356,0,1,0.305,Low Risk
505,0,1,0.535,Medium Risk
4194,1,1,0.51,Medium Risk
4171,0,1,0.35,Low Risk
880,1,1,0.47,Medium Risk
890,1,1,0.545,Medium Risk
3506,0,1,0.36,Low Risk
3818,0,1,0.415,Medium Risk
3737,0,1,0.4,Medium Risk
808,0,1,0.37,Low Risk
3988,0,1,0.5,Medium Risk
3387,0,1,0.47,Medium Risk
2762,0,1,0.245,Low Risk
1743,0,1,0.49,Medium Risk
3101,1,1,0.3,Low Risk
4505,1,1,0.475,Medium Risk
4869,0,1,0.615,Medium Risk
3978,0,1,0.47,Medium Risk
4829,0,1,0.52,Medium Risk
3885,0,1,0.305,Low Risk
2133,1,1,0.285,Low Risk
3338,0,1,0.345,Low Risk
1247,1,1,0.4,Medium Risk
2003,0,1,0.475,Medium Risk
4077,0,1,0.36,Low Risk
4760,1,1,0.34,Low Risk
3421,0,1,0.605,Medium Risk
2281,1,1,0.485,Medium Risk
2896,0,1,0.54,Medium Risk
1638,0,1,0.38,Low Risk
369,1,1,0.155,Low Risk
345,0,1,0.48,Medium Risk
2070,1,1,0.56,Medium Risk
457,1,1,0.45,Medium Risk
1557,0,1,0.42,Medium Risk
1961,0,1,0.605,Medium Risk
547,0,1,0.5,Medium Risk
3641,1,1,0.41,Medium Risk
2367,0,1,0.31,Low Risk
2808,0,1,0.43,Medium Risk
1974,1,1,0.245,Low Risk
4443,0,1,0.365,Low Risk
464,0,1,0.17,Low Risk
2087,0,1,0.385,Low Risk
847,1,1,0.22,Low Risk
4961,0,1,0.35,Low Risk
4687,0,1,0.47,Medium Risk
1046,0,1,0.525,Medium Risk
4823,0,1,0.475,Medium Risk
3823,0,1,0.335,Low Risk
945,0,1,0.37,Low Risk
1327,0,1,0.56,Medium Risk
3743,0,1,0.515,Medium Risk
3436,0,1,0.44,Medium Risk
1948,0,1,0.47,Medium Risk
1848,0,1,0.59,Medium Risk
451,0,1,0.36,Low Risk
3089,0,1,0.385,Low Risk
2816,0,1,0.305,Low Risk
1254,0,1,0.285,Low Risk
2072,0,1,0.42,Medium Risk
1729,1,1,0.59,Medium Risk
794,1,1,0.345,Low Risk
512,0,1,0.23,Low Risk
437,0,1,0.235,Low Risk
3576,0,1,0.315,Low Risk
2697,1,1,0.62,Medium Risk
627,0,1,0.395,Low Risk
3072,1,1,0.4,Medium Risk
1062,0,1,0.485,Medium Risk
4366,0,1,0.465,Medium Risk
1977,0,1,0.445,Medium Risk
224,1,1,0.295,Low Risk
4436,0,1,0.43,Medium Risk
3709,1,1,0.61,Medium Risk
3145,0,1,0.36,Low Risk
1172,0,1,0.475,Medium Risk
3219,1,1,0.265,Low Risk
3583,0,1,0.295,Low Risk
164,1,1,0.505,Medium Risk
1089,0,1,0.285,Low Risk
4471,0,1,0.36,Low Risk
4358,1,1,0.365,Low Risk
4730,0,1,0.445,Medium Risk
4440,0,1,0.555,Medium Risk
3354,0,1,0.52,Medium Risk
3923,1,1,0.19,Low Risk
1156,0,0,0.125,Low Risk
1692,0,1,0.255,Low Risk
1137,1,1,0.545,Medium Risk
3567,0,1,0.4,Medium Risk
4692,1,1,0.35,Low Risk
1994,0,1,0.335,Low Risk
639,0,1,0.435,Medium Risk
959,0,1,0.33,Low Risk
4167,0,1,0.425,Medium Risk
4637,0,1,0.325,Low Risk
2182,0,1,0.27,Low Risk
2629,1,1,0.33,Low Risk
712,0,1,0.405,Medium Risk
3996,1,1,0.38,Low Risk
1427,0,1,0.165,Low Risk
1803,0,1,0.57,Medium Risk
3012,0,0,0.135,Low Risk
2322,0,1,0.39,Low Risk
1891,1,1,0.36,Low Risk
3545,0,1,0.315,Low Risk
1309,0,1,0.38,Low Risk
4618,0,1,0.365,Low Risk
1526,0,1,0.5,Medium Risk
4365,0,1,0.245,Low Risk
4054,0,1,0.31,Low Risk
117,0,1,0.51,Medium Risk
3919,0,1,0.42,Medium Risk
1919,0,1,0.335,Low Risk
93,1,1,0.275,Low Risk
4073,0,1,0.35,Low Risk
2708,0,1,0.405,Medium Risk
2549,0,1,0.23,Low Risk
1339,1,1,0.335,Low Risk
2374,0,1,0.44,Medium Risk
1516,0,1,0.54,Medium Risk
169,0,1,0.215,Low Risk
2433,0,1,0.59,Medium Risk
2954,1,1,0.16,Low Risk
1447,0,1,0.505,Medium Risk
2235,1,1,0.88,High Risk
3233,0,1,0.28,Low Risk
4658,1,1,0.53,Medium Risk
588,0,1,0.44,Medium Risk
3815,1,1,0.49,Medium Risk
2321,0,1,0.36,Low Risk
1087,0,1,0.5,Medium Risk
4934,0,1,0.38,Low Risk
3082,0,1,0.28,Low Risk
2362,0,1,0.435,Medium Risk
2879,0,1,0.44,Medium Risk
4299,0,1,0.28,Low Risk
417,0,1,0.465,Medium Risk
1442,0,1,0.53,Medium Risk
2085,1,1,0.395,Low Risk
4108,1,0,0.12,Low Risk
1052,0,1,0.2,Low Risk
822,0,1,0.35,Low Risk
4547,1,1,0.4,Medium Risk
3067,0,1,0.35,Low Risk
392,1,1,0.62,Medium Risk
4202,0,1,0.61,Medium Risk
2381,1,1,0.44,Medium Risk
1348,0,1,0.57,Medium Risk
3897,0,1,0.34,Low Risk
1431,0,1,0.295,Low Risk
1967,1,1,0.48,Medium Risk
1615,0,1,0.485,Medium Risk
2166,1,1,0.565,Medium Risk
2053,1,1,0.275,Low Risk
2309,0,1,0.545,Medium Risk
3394,0,1,0.335,Low Risk
277,1,1,0.255,Low Risk
729,0,1,0.38,Low Risk
4386,0,1,0.54,Medium Risk
3083,0,1,0.34,Low Risk
548,1,1,0.355,Low Risk
3642,0,1,0.385,Low Risk
635,0,1,0.34,Low Risk
3610,0,1,0.495,Medium Risk
2113,0,1,0.18,Low Risk
4641,1,1,0.525,Medium Risk
4941,1,1,0.48,Medium Risk
4552,0,1,0.405,Medium Risk
1061,1,1,0.325,Low Risk
4493,0,1,0.445,Medium Risk
609,1,1,0.595,Medium Risk
3507,0,1,0.205,Low Risk
4402,1,1,0.375,Low Risk
4031,0,1,0.465,Medium Risk
2066,0,1,0.38,Low Risk
4037,1,1,0.425,Medium Risk
2950,0,1,0.345,Low Risk
776,0,1,0.445,Medium Risk
2034,1,1,0.43,Medium Risk
4317,1,1,0.46,Medium Risk
3358,0,1,0.375,Low Risk
2699,0,1,0.22,Low Risk
1787,1,1,0.49,Medium Risk
2989,0,1,0.435,Medium Risk
3572,0,1,0.46,Medium Risk
1271,0,1,0.395,Low Risk
3514,1,1,0.53,Medium Risk
1404,0,1,0.505,Medium Risk
550,0,1,0.395,Low Risk
804,0,1,0.57,Medium Risk
1441,0,1,0.415,Medium Risk
3606,1,1,0.3,Low Risk
1225,1,1,0.37,Low Risk
3120,1,1,0.205,Low Risk
75,0,1,0.615,Medium Risk
3597,1,1,0.535,Medium Risk
2818,1,1,0.37,Low Risk
698,1,1,0.345,Low Risk
3627,0,1,0.53,Medium Risk
3211,1,1,0.39,Low Risk
274,0,1,0.405,Medium Risk
3705,1,1,0.595,Medium Risk
4529,0,1,0.345,Low Risk
4437,0,1,0.23,Low Risk
2485,0,1,0.32,Low Risk
1277,1,1,0.445,Medium Risk
31,0,1,0.52,Medium Risk
778,1,1,0.53,Medium Risk
1345,0,1,0.6,Medium Risk
2251,0,1,0.38,Low Risk
1781,1,1,0.455,Medium Risk
2539,0,1,0.58,Medium Risk
1898,0,1,0.245,Low Risk
3106,0,1,0.315,Low Risk
410,1,1,0.35,Low Risk
2452,0,1,0.33,Low Risk
2503,0,1,0.25,Low Risk
252,0,1,0.21,Low Risk
262,0,1,0.55,Medium Risk
2199,0,1,0.245,Low Risk
932,0,1,0.425,Medium Risk
3325,1,1,0.3,Low Risk
304,0,1,0.48,Medium Risk
3058,0,1,0.65,Medium Risk
1224,0,1,0.58,Medium Risk
3137,0,1,0.585,Medium Risk
4999,0,1,0.43,Medium Risk
2966,1,1,0.315,Low Risk
2827,0,1,0.49,Medium Risk
477,0,1,0.525,Medium Risk
4607,0,1,0.425,Medium Risk
2992,0,1,0.51,Medium Risk
71,0,1,0.445,Medium Risk
4279,0,1,0.395,Low Risk
4642,0,1,0.45,Medium Risk
1927,0,1,0.5,Medium Risk
3136,1,1,0.42,Medium Risk
2448,0,1,0.345,Low Risk
2088,0,1,0.61,Medium Risk
4572,1,1,0.55,Medium Risk
4248,0,1,0.345,Low Risk
1820,0,1,0.52,Medium Risk
3404,0,1,0.455,Medium Risk
3722,0,1,0.605,Medium Risk
2430,1,1,0.7,Medium Risk
4295,0,1,0.35,Low Risk
2048,1,1,0.485,Medium Risk
4334,1,1,0.275,Low Risk
1085,0,1,0.365,Low Risk
4774,0,1,0.445,Medium Risk
3621,0,1,0.32,Low Risk
617,0,1,0.355,Low Risk
4791,1,1,0.22,Low Risk
1792,1,1,0.475,Medium Risk
1907,0,1,0.52,Medium Risk
533,0,1,0.31,Low Risk
2390,0,1,0.275,Low Risk
3792,1,1,0.345,Low Risk
79,0,1,0.44,Medium Risk
675,0,1,0.505,Medium Risk
3624,0,1,0.57,Medium Risk
2288,0,1,0.35,Low Risk
4433,0,1,0.315,Low Risk
1048,1,0,0.13,Low Risk
176,0,1,0.395,Low Risk
4150,0,1,0.335,Low Risk
4417,0,1,0.45,Medium Risk
323,0,1,0.25,Low Risk
3850,1,1,0.57,Medium Risk
2780,0,1,0.535,Medium Risk
1316,0,1,0.285,Low Risk
744,0,1,0.21,Low Risk
4252,1,1,0.545,Medium Risk
892,1,1,0.475,Medium Risk
1720,0,1,0.335,Low Risk
1364,0,1,0.35,Low Risk
4141,1,1,0.455,Medium Risk
738,1,1,0.54,Medium Risk
3226,1,1,0.605,Medium Risk
3972,0,1,0.46,Medium Risk
2420,1,1,0.34,Low Risk
2569,0,1,0.455,Medium Risk
905,0,1,0.595,Medium Risk
1199,0,1,0.435,Medium Risk
284,1,1,0.25,Low Risk
1845,1,1,0.455,Medium Risk
530,0,1,0.4,Medium Risk
4336,1,1,0.385,Low Risk
1660,0,1,0.43,Medium Risk
2978,0,1,0.61,Medium Risk
3616,1,1,0.4,Medium Risk
50,0,1,0.685,Medium Risk
1110,1,1,0.395,Low Risk
83,0,1,0.33,Low Risk
2880,0,1,0.475,Medium Risk
2862,1,1,0.335,Low Risk
4876,0,1,0.37,Low Risk
1643,0,1,0.5,Medium Risk
841,0,1,0.38,Low Risk
2823,0,1,0.305,Low Risk
254,0,1,0.31,Low Risk
1710,1,1,0.3,Low Risk
3320,1,1,0.245,Low Risk
2628,0,1,0.405,Medium Risk
105,0,1,0.31,Low Risk
4554,0,1,0.525,Medium Risk
4275,1,1,0.17,Low Risk
456,0,1,0.315,Low Risk
3802,0,1,0.55,Medium Risk
3175,1,1,0.59,Medium Risk
170,0,1,0.305,Low Risk
4144,0,1,0.3,Low Risk
1570,1,1,0.735,Medium Risk
2265,1,1,0.195,Low Risk
2779,0,1,0.455,Medium Risk
2047,0,1,0.36,Low Risk
2513,0,1,0.54,Medium Risk
3203,1,1,0.375,Low Risk
3938,0,1,0.255,Low Risk
1685,1,1,0.51,Medium Risk
1872,0,1,0.61,Medium Risk
2384,0,1,0.37,Low Risk
241,0,1,0.505,Medium Risk
1184,0,1,0.43,Medium Risk
1545,0,1,0.42,Medium Risk
1494,0,1,0.435,Medium Risk
1169,0,1,0.36,Low Risk
1402,0,1,0.475,Medium Risk
1956,0,1,0.325,Low Risk
4678,0,1,0.24,Low Risk
4140,0,1,0.325,Low Risk
4424,0,1,0.3,Low Risk
4919,1,1,0.405,Medium Risk
1103,0,1,0.465,Medium Risk
1019,1,1,0.325,Low Risk
1562,1,1,0.585,Medium Risk
3696,1,1,0.435,Medium Risk
3660,0,1,0.235,Low Risk
4247,0,1,0.305,Low Risk
1141,1,1,0.425,Medium Risk
339,0,1,0.32,Low Risk
1995,0,1,0.325,Low Risk
1894,1,1,0.295,Low Risk
3718,1,1,0.455,Medium Risk
4025,0,1,0.4,Medium Risk
4346,0,1,0.39,Low Risk
3759,0,1,0.515,Medium Risk
1231,0,1,0.335,Low Risk
4044,0,1,0.33,Low Risk
2465,0,1,0.325,Low Risk
1583,0,1,0.32,Low Risk
4855,1,1,0.44,Medium Risk
3497,0,1,0.245,Low Risk
3335,0,1,0.49,Medium Risk
2500,1,1,0.405,Medium Risk
3822,0,1,0.25,Low Risk
3178,0,1,0.285,Low Risk
4007,0,1,0.725,Medium Risk
1211,0,1,0.225,Low Risk
1589,0,1,0.48,Medium Risk
596,0,1,0.49,Medium Risk
1308,0,1,0.31,Low Risk
941,0,1,0.69,Medium Risk
3637,0,1,0.315,Low Risk
1876,1,1,0.38,Low Risk
1682,0,1,0.33,Low Risk
634,0,1,0.465,Medium Risk
2353,0,1,0.475,Medium Risk
1622,0,1,0.535,Medium Risk
875,0,1,0.56,Medium Risk
3824,0,1,0.225,Low Risk
4367,0,1,0.35,Low Risk
1470,0,1,0.52,Medium Risk
4966,1,1,0.365,Low Risk
2441,1,1,0.41,Medium Risk
2994,0,1,0.405,Medium Risk
653,0,0,0.11,Low Risk
1858,1,1,0.27,Low Risk
4793,1,1,0.46,Medium Risk
4254,0,1,0.395,Low Risk
947,0,1,0.375,Low Risk
4794,0,1,0.54,Medium Risk
2598,0,1,0.455,Medium Risk
1078,0,1,0.295,Low Risk
1455,0,1,0.56,Medium Risk
1733,0,1,0.35,Low Risk
138,0,1,0.39,Low Risk
188,0,0,0.105,Low Risk
2742,1,1,0.31,Low Risk
3527,0,1,0.76,High Risk
2227,0,1,0.575,Medium Risk
4798,0,1,0.36,Low Risk
3054,0,1,0.23,Low Risk
1285,0,1,0.565,Medium Risk
1735,0,1,0.535,Medium Risk
463,1,1,0.26,Low Risk
2457,0,1,0.39,Low Risk
511,0,1,0.265,Low Risk
3499,0,1,0.455,Medium Risk
4244,0,1,0.355,Low Risk
1785,0,1,0.46,Medium Risk
2618,0,1,0.425,Medium Risk
4680,0,1,0.315,Low Risk
975,0,1,0.215,Low Risk
1558,0,1,0.33,Low Risk
4722,0,1,0.555,Medium Risk
2049,0,1,0.4,Medium Risk
4660,1,1,0.375,Low Risk
196,1,1,0.605,Medium Risk
3087,0,1,0.435,Medium Risk
45,0,1,0.39,Low Risk
2937,0,1,0.34,Low Risk
3376,1,1,0.235,Low Risk
47,1,1,0.32,Low Risk
1607,0,1,0.305,Low Risk
826,1,1,0.265,Low Risk
221,1,1,0.415,Medium Risk
4269,0,1,0.275,Low Risk
1728,1,1,0.23,Low Risk
1080,0,1,0.45,Medium Risk
2243,0,1,0.515,Medium Risk
3858,0,1,0.53,Medium Risk
4018,0,1,0.37,Low Risk
381,0,1,0.41,Medium Risk
3984,1,1,0.51,Medium Risk
2812,0,1,0.43,Medium Risk
248,0,1,0.635,Medium Risk
3228,0,1,0.485,Medium Risk
4196,0,1,0.43,Medium Risk
1185,0,1,0.405,Medium Risk
2127,0,1,0.47,Medium Risk
3498,0,1,0.27,Low Risk
3582,0,1,0.24,Low Risk
3311,1,1,0.205,Low Risk
3162,0,1,0.385,Low Risk
3373,0,1,0.485,Medium Risk
3073,0,1,0.325,Low Risk
3208,1,1,0.635,Medium Risk
1179,1,1,0.34,Low Risk
2352,0,1,0.445,Medium Risk
751,0,1,0.555,Medium Risk
341,0,1,0.35,Low Risk
4231,0,1,0.345,Low Risk
4634,1,1,0.48,Medium Risk
4740,0,1,0.255,Low Risk
810,1,1,0.33,Low Risk
3969,1,1,0.395,Low Risk
3830,1,1,0.46,Medium Risk
1032,0,1,0.275,Low Risk
4565,0,1,0.48,Medium Risk
1148,1,1,0.24,Low Risk
4939,0,1,0.295,Low Risk
4183,0,1,0.415,Medium Risk
2514,0,1,0.26,Low Risk
4483,1,1,0.465,Medium Risk
578,0,1,0.25,Low Risk
2651,0,1,0.655,Medium Risk
4645,0,1,0.43,Medium Risk
4878,0,1,0.54,Medium Risk
1623,0,1,0.25,Low Risk
4341,1,1,0.38,Low Risk
4549,1,1,0.56,Medium Risk
289,1,1,0.425,Medium Risk
4024,1,1,0.425,Medium Risk
2585,1,1,0.435,Medium Risk
4650,0,1,0.32,Low Risk
1503,1,1,0.395,Low Risk
4354,0,1,0.375,Low Risk
461,0,1,0.485,Medium Risk
713,1,1,0.455,Medium Risk
3229,0,1,0.4,Medium Risk
141,0,1,0.5,Medium Risk
265,0,1,0.31,Low Risk
3618,0,1,0.57,Medium Risk
113,0,1,0.44,Medium Risk
1554,0,1,0.28,Low Risk
4284,1,1,0.495,Medium Risk
2853,0,1,0.505,Medium Risk
4086,0,1,0.55,Medium Risk
4102,1,1,0.215,Low Risk
2375,0,1,0.505,Medium Risk
2798,1,1,0.305,Low Risk
1026,0,1,0.29,Low Risk
4584,0,1,0.635,Medium Risk
3412,0,1,0.435,Medium Risk
32,0,1,0.255,Low Risk
4804,1,1,0.39,Low Risk
453,0,1,0.37,Low Risk
3777,0,1,0.39,Low Risk
1390,1,1,0.31,Low Risk
4123,0,1,0.39,Low Risk
4663,0,1,0.39,Low Risk
2933,0,1,0.36,Low Risk
3819,0,1,0.47,Medium Risk
2520,0,1,0.41,Medium Risk
1267,0,1,0.49,Medium Risk
3021,0,1,0.47,Medium Risk
1861,1,1,0.465,Medium Risk
4936,0,1,0.34,Low Risk
4179,0,1,0.325,Low Risk
1668,0,1,0.61,Medium Risk
3434,1,1,0.435,Medium Risk
513,0,1,0.38,Low Risk
4388,0,1,0.43,Medium Risk
3634,0,1,0.465,Medium Risk
386,0,1,0.615,Medium Risk
1883,0,1,0.7,Medium Risk
407,0,1,0.585,Medium Risk
1709,1,1,0.405,Medium Risk
3472,0,1,0.395,Low Risk
3787,1,1,0.585,Medium Risk
1517,0,1,0.535,Medium Risk
1347,0,1,0.39,Low Risk
1403,0,1,0.23,Low Risk
459,1,1,0.35,Low Risk
3977,0,1,0.49,Medium Risk
4997,0,1,0.26,Low Risk
2717,0,1,0.43,Medium Risk
4630,0,1,0.4,Medium Risk
4969,0,1,0.41,Medium Risk
3615,1,1,0.445,Medium Risk
1056,1,1,0.655,Medium Risk
1569,1,1,0.35,Low Risk
2842,0,1,0.495,Medium Risk
3031,1,1,0.17,Low Risk
2677,0,1,0.335,Low Risk
3685,0,1,0.43,Medium Risk
1621,0,1,0.42,Medium Risk
1472,1,1,0.28,Low Risk
2330,0,1,0.25,Low Risk
3943,0,1,0.43,Medium Risk
3225,0,1,0.585,Medium Risk
4525,0,1,0.285,Low Risk
1139,0,1,0.205,Low Risk
1114,0,1,0.255,Low Risk
1389,0,1,0.31,Low Risk
4701,0,1,0.325,Low Risk
4595,0,1,0.375,Low Risk
620,0,1,0.405,Medium Risk
536,0,1,0.675,Medium Risk
2645,0,1,0.545,Medium Risk
637,1,1,0.395,Low Risk
3763,0,1,0.385,Low Risk
4030,0,1,0.4,Medium Risk
1992,1,1,0.345,Low Risk
2841,0,1,0.615,Medium Risk
1801,0,1,0.355,Low Risk
215,0,1,0.375,Low Risk
3796,1,1,0.61,Medium Risk
4812,1,1,0.325,Low Risk
2043,0,1,0.375,Low Risk
1575,0,1,0.475,Medium Risk
