product_id,product_name,category,sub_category,unit_cost,unit_price,profit_per_unit,profit_margin
1,Smartphones Product 1,Electronics,Smartphones,25782.48,42360.13,16577.649999999998,0.39135030983143815
2,Smartphones Product 2,Electronics,Smartphones,5805.1,9685.04,3879.9400000000005,0.4006116650008673
3,Smartphones Product 3,Electronics,Smartphones,21801.53,26496.94,4695.41,0.17720574526718935
4,Smartphones Product 4,Electronics,Smartphones,4438.64,6999.44,2560.7999999999993,0.3658578400557758
5,Smartphones Product 5,Electronics,Smartphones,17367.91,23075.03,5707.119999999999,0.24732882254107574
6,Smartphones Product 6,Electronics,Smartphones,26094.33,36811.75,10717.419999999998,0.2911412796186
7,Smartphones Product 7,Electronics,Smartphones,5702.59,8265.72,2563.129999999999,0.3100915588720643
8,Smartphones Product 8,Electronics,Smartphones,8072.93,12177.08,4104.15,0.33703892887293174
9,Smartphones Product 9,Electronics,Smartphones,25246.68,35274.6,10027.919999999998,0.2842816077290741
10,Smartphones Product 10,Electronics,Smartphones,5658.72,8963.95,3305.2300000000005,0.36872472514906934
11,Smartphones Product 11,Electronics,Smartphones,3508.08,4150.84,642.7600000000002,0.15485058446001296
12,Smartphones Product 12,Electronics,Smartphones,11031.63,14288.6,3256.970000000001,0.22794185574513956
13,Smartphones Product 13,Electronics,Smartphones,5934.68,9582.69,3648.01,0.38068746875877235
14,Smartphones Product 14,Electronics,Smartphones,10632.9,14249.8,3616.8999999999996,0.2538211062611405
15,Laptops Product 15,Electronics,Laptops,28645.89,37775.44,9129.550000000003,0.24167951452054567
16,Laptops Product 16,Electronics,Laptops,22746.65,40600.94,17854.29,0.43975065601929414
17,Laptops Product 17,Electronics,Laptops,23985.95,40427.55,16441.600000000002,0.4066929606172029
18,Laptops Product 18,Electronics,Laptops,18849.13,28838.98,9989.849999999999,0.34640094760633
19,Laptops Product 19,Electronics,Laptops,9860.53,11842.05,1981.5199999999986,0.16732913642485878
20,Laptops Product 20,Electronics,Laptops,20033.75,35060.14,15026.39,0.4285889902322124
21,Laptops Product 21,Electronics,Laptops,10451.8,14448.17,3996.370000000001,0.2766004275974051
22,Laptops Product 22,Electronics,Laptops,22722.81,29379.4,6656.59,0.22657338134883626
23,Laptops Product 23,Electronics,Laptops,13721.91,16058.93,2337.0200000000004,0.14552775309438426
24,Laptops Product 24,Electronics,Laptops,22993.09,28470.35,5477.259999999998,0.19238470900427984
25,Laptops Product 25,Electronics,Laptops,5757.01,9783.35,4026.34,0.41155023585990486
26,Laptops Product 26,Electronics,Laptops,12588.85,16112.06,3523.209999999999,0.2186691211427961
27,Laptops Product 27,Electronics,Laptops,13379.4,18736.86,5357.460000000001,0.28593158085186104
28,Laptops Product 28,Electronics,Laptops,29931.09,37152.21,7221.119999999999,0.19436582642055478
29,Headphones Product 29,Electronics,Headphones,2788.69,3782.44,993.75,0.2627272342720572
30,Headphones Product 30,Electronics,Headphones,14373.71,25530.01,11156.3,0.4369876862562921
31,Headphones Product 31,Electronics,Headphones,21630.43,35595.53,13965.099999999999,0.3923273512151666
32,Headphones Product 32,Electronics,Headphones,22465.47,36948.57,14483.099999999999,0.39197998731750644
33,Headphones Product 33,Electronics,Headphones,7868.38,9567.77,1699.3900000000003,0.17761610072148476
34,Headphones Product 34,Electronics,Headphones,22647.07,26467.31,3820.2400000000016,0.144338053243794
35,Headphones Product 35,Electronics,Headphones,7874.65,9662.54,1787.8900000000012,0.1850331279353049
36,Headphones Product 36,Electronics,Headphones,29276.06,46131.8,16855.74,0.3653822309122991
37,Headphones Product 37,Electronics,Headphones,11889.2,13781.67,1892.4699999999993,0.13731790124128637
38,Headphones Product 38,Electronics,Headphones,18718.8,22247.05,3528.25,0.1585940607855873
39,Headphones Product 39,Electronics,Headphones,17216.39,20737.03,3520.6399999999994,0.1697755175162499
40,Headphones Product 40,Electronics,Headphones,25001.29,32659.79,7658.5,0.23449324077099087
41,Headphones Product 41,Electronics,Headphones,23744.97,30931.77,7186.799999999999,0.23234363891882034
42,Headphones Product 42,Electronics,Headphones,18630.3,25494.03,6863.73,0.2692289135927117
43,Smart Watches Product 43,Electronics,Smart Watches,2397.86,3918.28,1520.42,0.38803250405790296
44,Smart Watches Product 44,Electronics,Smart Watches,28242.54,38183.83,9941.29,0.2603534009029477
45,Smart Watches Product 45,Electronics,Smart Watches,1168.09,1593.81,425.72,0.2671083755278233
46,Smart Watches Product 46,Electronics,Smart Watches,18543.25,28438.16,9894.91,0.34794480374257686
47,Smart Watches Product 47,Electronics,Smart Watches,4456.59,7503.02,3046.4300000000003,0.4060271730583152
48,Smart Watches Product 48,Electronics,Smart Watches,27448.51,44124.42,16675.91,0.37792927363124545
49,Smart Watches Product 49,Electronics,Smart Watches,12679.44,16456.86,3777.42,0.22953467429388108
50,Smart Watches Product 50,Electronics,Smart Watches,24154.1,42655.36,18501.260000000002,0.4337382218787979
51,Smart Watches Product 51,Electronics,Smart Watches,28577.59,36863.76,8286.170000000002,0.22477821036161263
52,Smart Watches Product 52,Electronics,Smart Watches,23493.01,39657.61,16164.600000000002,0.40760398823832306
53,Smart Watches Product 53,Electronics,Smart Watches,16024.27,24219.64,8195.369999999999,0.33837703615743253
54,Smart Watches Product 54,Electronics,Smart Watches,28726.64,38797.47,10070.830000000002,0.25957440008330446
55,Smart Watches Product 55,Electronics,Smart Watches,10455.86,18383.95,7928.09,0.4312506289453572
56,Smart Watches Product 56,Electronics,Smart Watches,19795.61,31131.34,11335.73,0.36412599007945046
57,Accessories Product 57,Electronics,Accessories,1904.09,2646.77,742.6800000000001,0.2805986164268146
58,Accessories Product 58,Electronics,Accessories,24514.12,34576.67,10062.55,0.29102137366033226
59,Accessories Product 59,Electronics,Accessories,11114.78,18988.09,7873.3099999999995,0.41464465356968494
60,Accessories Product 60,Electronics,Accessories,4513.63,5706.17,1192.54,0.2089913199221194
61,Accessories Product 61,Electronics,Accessories,21726.08,26496.99,4770.91,0.18005479112910558
62,Accessories Product 62,Electronics,Accessories,7809.48,11373.71,3564.2299999999996,0.31337443982658253
63,Accessories Product 63,Electronics,Accessories,23059.84,33137.36,10077.52,0.3041135443499422
64,Accessories Product 64,Electronics,Accessories,14103.44,21777.77,7674.33,0.35239282993621474
65,Accessories Product 65,Electronics,Accessories,2104.92,3403.48,1298.56,0.3815388954834463
66,Accessories Product 66,Electronics,Accessories,8925.58,10405.3,1479.7199999999993,0.14220829769444412
67,Accessories Product 67,Electronics,Accessories,8700.08,11468.4,2768.3199999999997,0.24138676711659865
68,Accessories Product 68,Electronics,Accessories,26879.94,40020.72,13140.780000000002,0.3283494150030285
69,Accessories Product 69,Electronics,Accessories,21275.99,33413.58,12137.59,0.36325320423612195
70,Accessories Product 70,Electronics,Accessories,7612.2,13122.72,5510.5199999999995,0.4199220893229452
71,Furniture Product 71,Home,Furniture,11300.86,19719.76,8418.899999999998,0.42692710256108585
72,Furniture Product 72,Home,Furniture,2719.78,3195.16,475.37999999999965,0.14878128168855384
73,Furniture Product 73,Home,Furniture,19664.58,24618.27,4953.689999999999,0.20122006948498
74,Furniture Product 74,Home,Furniture,29443.41,43119.16,13675.750000000004,0.31716179072134065
75,Furniture Product 75,Home,Furniture,3737.33,5858.77,2121.4400000000005,0.3620964810019851
76,Furniture Product 76,Home,Furniture,9756.66,13807.63,4050.9699999999993,0.2933863378436415
77,Furniture Product 77,Home,Furniture,20562.93,25180.34,4617.41,0.1833736160830235
78,Furniture Product 78,Home,Furniture,20259.77,29457.8,9198.029999999999,0.31224429522910735
79,Furniture Product 79,Home,Furniture,3969.91,6896.18,2926.2700000000004,0.42433202149595867
80,Furniture Product 80,Home,Furniture,28806.35,48273.21,19466.86,0.403264253609818
81,Furniture Product 81,Home,Furniture,27309.12,35197.61,7888.490000000002,0.2241200467872677
82,Furniture Product 82,Home,Furniture,5019.37,6136.19,1116.8199999999997,0.18200544637633448
83,Furniture Product 83,Home,Furniture,12935.35,20637.71,7702.359999999999,0.373217764955511
84,Furniture Product 84,Home,Furniture,2684.76,3180.97,496.2099999999996,0.15599329764191414
85,Kitchen Product 85,Home,Kitchen,15201.91,19740.93,4539.02,0.2299293903580024
86,Kitchen Product 86,Home,Kitchen,18632.88,23326.04,4693.16,0.20119831741692973
87,Kitchen Product 87,Home,Kitchen,17892.38,23439.39,5547.009999999998,0.23665334294109183
88,Kitchen Product 88,Home,Kitchen,17102.56,20507.43,3404.869999999999,0.1660310433828129
89,Kitchen Product 89,Home,Kitchen,9803.44,12662.03,2858.59,0.22576079822903594
90,Kitchen Product 90,Home,Kitchen,13923.18,23052.74,9129.560000000001,0.3960292789490534
91,Kitchen Product 91,Home,Kitchen,3594.47,4196.5,602.0300000000002,0.14346002621231985
92,Kitchen Product 92,Home,Kitchen,4279.89,6351.35,2071.46,0.32614483534996497
93,Kitchen Product 93,Home,Kitchen,13646.38,15702.02,2055.6400000000012,0.1309156401533052
94,Kitchen Product 94,Home,Kitchen,19375.39,26642.46,7267.07,0.27276272536394913
95,Kitchen Product 95,Home,Kitchen,17926.73,27825.65,9898.920000000002,0.35574802385568716
96,Kitchen Product 96,Home,Kitchen,21924.07,30530.45,8606.380000000001,0.2818949606049043
97,Kitchen Product 97,Home,Kitchen,6055.6,7964.88,1909.2799999999997,0.23971233716013296
98,Kitchen Product 98,Home,Kitchen,9670.32,11185.94,1515.6200000000008,0.13549330677618518
99,Decor Product 99,Home,Decor,29648.12,34208.62,4560.500000000004,0.1333143517628014
100,Decor Product 100,Home,Decor,23328.19,32548.29,9220.100000000002,0.2832744823153536
101,Decor Product 101,Home,Decor,24246.12,31729.04,7482.920000000002,0.23583821004354377
102,Decor Product 102,Home,Decor,14932.14,23120.87,8188.73,0.35417049617942575
103,Decor Product 103,Home,Decor,26634.22,43523.1,16888.879999999997,0.38804405017105853
104,Decor Product 104,Home,Decor,9428.42,12964.48,3536.0599999999995,0.27274985190304585
105,Decor Product 105,Home,Decor,1847.65,2838.71,991.06,0.3491233694177989
106,Decor Product 106,Home,Decor,15189.37,21936.23,6746.859999999999,0.3075669793761279
107,Decor Product 107,Home,Decor,12018.7,15678.76,3660.0599999999995,0.23344065474565587
108,Decor Product 108,Home,Decor,23417.52,31073.42,7655.899999999998,0.2463809905700756
109,Decor Product 109,Home,Decor,18216.69,29460.71,11244.02,0.3816615417618924
110,Decor Product 110,Home,Decor,6330.32,8959.03,2628.710000000001,0.29341457724776016
111,Decor Product 111,Home,Decor,20755.26,33034.55,12279.290000000005,0.37171052731155724
112,Decor Product 112,Home,Decor,9068.4,10834.24,1765.8400000000001,0.16298697462858494
113,Storage Product 113,Home,Storage,21387.3,26627.77,5240.470000000001,0.1968046892398425
114,Storage Product 114,Home,Storage,23706.47,35609.66,11903.190000000002,0.33426856645078895
115,Storage Product 115,Home,Storage,3068.5,3679.4,610.9000000000001,0.16603250529977714
116,Storage Product 116,Home,Storage,7458.89,11241.66,3782.7699999999995,0.33649567768461236
117,Storage Product 117,Home,Storage,4138.44,5223.29,1084.8500000000004,0.2076947670912395
118,Storage Product 118,Home,Storage,1644.35,2692.99,1048.6399999999999,0.38939617302700713
119,Storage Product 119,Home,Storage,3183.83,4167.53,983.6999999999998,0.23603909269999254
120,Storage Product 120,Home,Storage,11383.85,13835.45,2451.6000000000004,0.1771969831122226
121,Storage Product 121,Home,Storage,9453.03,11785.88,2332.8499999999985,0.19793600477859938
122,Storage Product 122,Home,Storage,3136.49,4698.53,1562.04,0.3324529161248305
123,Storage Product 123,Home,Storage,16497.77,22850.74,6352.970000000001,0.2780203179415634
124,Storage Product 124,Home,Storage,7234.17,8467.54,1233.3700000000008,0.14565859742026618
125,Storage Product 125,Home,Storage,16595.16,21209.3,4614.139999999999,0.21755267736323214
126,Storage Product 126,Home,Storage,21989.88,37887.78,15897.899999999998,0.41960494914191326
127,Men Clothing Product 127,Fashion,Men Clothing,20229.13,30140.02,9910.89,0.3288282489527213
128,Men Clothing Product 128,Fashion,Men Clothing,21765.21,34044.35,12279.14,0.3606807003217861
129,Men Clothing Product 129,Fashion,Men Clothing,6823.46,11577.45,4753.990000000001,0.41062496491023504
130,Men Clothing Product 130,Fashion,Men Clothing,7279.26,11046.07,3766.8099999999995,0.3410090647623996
131,Men Clothing Product 131,Fashion,Men Clothing,20093.42,24230.05,4136.630000000001,0.17072313098817382
132,Men Clothing Product 132,Fashion,Men Clothing,28164.66,41156.3,12991.640000000003,0.31566588833301346
133,Men Clothing Product 133,Fashion,Men Clothing,7516.88,10502.92,2986.04,0.28430569784402815
134,Men Clothing Product 134,Fashion,Men Clothing,576.38,943.48,367.1,0.3890914486793573
135,Men Clothing Product 135,Fashion,Men Clothing,17856.83,24090.06,6233.23,0.2587469686667447
136,Men Clothing Product 136,Fashion,Men Clothing,14685.54,21490.71,6805.169999999998,0.3166563598875979
137,Men Clothing Product 137,Fashion,Men Clothing,1575.95,1836.04,260.0899999999999,0.1416581338097209
138,Men Clothing Product 138,Fashion,Men Clothing,4056.17,5342.12,1285.9499999999998,0.24071904038097233
139,Men Clothing Product 139,Fashion,Men Clothing,21574.69,35756.88,14182.189999999999,0.3966282852418891
140,Men Clothing Product 140,Fashion,Men Clothing,29002.4,50570.36,21567.96,0.4264940965419269
141,Women Clothing Product 141,Fashion,Women Clothing,13811.21,19776.36,5965.1500000000015,0.3016303303540187
142,Women Clothing Product 142,Fashion,Women Clothing,8216.03,11398.67,3182.6399999999994,0.27921152204599303
143,Women Clothing Product 143,Fashion,Women Clothing,23869.46,39775.98,15906.520000000004,0.39990265481831
144,Women Clothing Product 144,Fashion,Women Clothing,20204.5,34239.91,14035.410000000003,0.4099137526938594
145,Women Clothing Product 145,Fashion,Women Clothing,9755.1,12361.64,2606.539999999999,0.21085713546099055
146,Women Clothing Product 146,Fashion,Women Clothing,13871.58,20722.84,6851.26,0.330613950597505
147,Women Clothing Product 147,Fashion,Women Clothing,2611.62,3190.31,578.69,0.1813898962796719
148,Women Clothing Product 148,Fashion,Women Clothing,23476.21,38495.32,15019.11,0.39015417978081496
149,Women Clothing Product 149,Fashion,Women Clothing,18742.03,31281.5,12539.470000000001,0.40085897415405275
150,Women Clothing Product 150,Fashion,Women Clothing,9257.18,12207.46,2950.279999999999,0.2416784490794972
151,Women Clothing Product 151,Fashion,Women Clothing,11028.39,17023.2,5994.810000000001,0.3521552939517835
152,Women Clothing Product 152,Fashion,Women Clothing,4424.69,6225.66,1800.9700000000003,0.2892817789599818
153,Women Clothing Product 153,Fashion,Women Clothing,10285.26,17328.16,7042.9,0.4064424612884461
154,Women Clothing Product 154,Fashion,Women Clothing,18081.19,26123.48,8042.290000000001,0.3078567633408719
155,Footwear Product 155,Fashion,Footwear,15055.79,19626.92,4571.129999999997,0.23290103592412859
156,Footwear Product 156,Fashion,Footwear,13495.19,21522.55,8027.359999999999,0.3729743919749286
157,Footwear Product 157,Fashion,Footwear,3666.6,6016.57,2349.97,0.39058300659678186
158,Footwear Product 158,Fashion,Footwear,15130.57,21484.32,6353.75,0.2957389389098654
159,Footwear Product 159,Fashion,Footwear,4412.72,6295.53,1882.8099999999995,0.29907092810295555
160,Footwear Product 160,Fashion,Footwear,17622.7,24857.08,7234.380000000001,0.2910390118227885
161,Footwear Product 161,Fashion,Footwear,4207.27,5936.97,1729.6999999999998,0.2913439010134799
162,Footwear Product 162,Fashion,Footwear,24909.6,43601.35,18691.75,0.4286965885230618
163,Footwear Product 163,Fashion,Footwear,13330.46,17225.53,3895.0699999999997,0.22612192484062899
164,Footwear Product 164,Fashion,Footwear,952.73,1320.72,367.99,0.2786283239445151
165,Footwear Product 165,Fashion,Footwear,6382.7,7748.53,1365.83,0.17626956338815233
166,Footwear Product 166,Fashion,Footwear,16425.22,27986.06,11560.84,0.41309280406030713
167,Footwear Product 167,Fashion,Footwear,14439.26,19294.06,4854.800000000001,0.25162148350321295
168,Footwear Product 168,Fashion,Footwear,29784.04,37462.89,7678.8499999999985,0.20497217379652233
169,Accessories Product 169,Fashion,Accessories,4365.74,6971.23,2605.49,0.37374896539061253
170,Accessories Product 170,Fashion,Accessories,27843.35,45800.25,17956.9,0.3920699122821382
171,Accessories Product 171,Fashion,Accessories,8802.96,12302.2,3499.2400000000016,0.28444018143096367
172,Accessories Product 172,Fashion,Accessories,2251.66,3024.27,772.6100000000001,0.25546991505388084
173,Accessories Product 173,Fashion,Accessories,11851.27,16565.96,4714.689999999999,0.2846010735266775
174,Accessories Product 174,Fashion,Accessories,14928.32,19154.76,4226.439999999999,0.22064698278652403
175,Accessories Product 175,Fashion,Accessories,6708.69,9009.48,2300.79,0.25537433902955553
176,Accessories Product 176,Fashion,Accessories,20463.31,24485.41,4022.0999999999985,0.16426516852280598
177,Accessories Product 177,Fashion,Accessories,13820.95,22893.55,9072.599999999999,0.39629502632837627
178,Accessories Product 178,Fashion,Accessories,20589.09,26007.63,5418.540000000001,0.2083442435931302
179,Accessories Product 179,Fashion,Accessories,20194.08,28140.16,7946.079999999998,0.2823750824444494
180,Accessories Product 180,Fashion,Accessories,9006.54,11685.06,2678.5199999999986,0.2292260373502574
181,Accessories Product 181,Fashion,Accessories,18108.77,32482.2,14373.43,0.44250173941420223
182,Accessories Product 182,Fashion,Accessories,22166.23,28476.64,6310.41,0.22159952859607032
183,Skincare Product 183,Beauty,Skincare,27707.84,36581.43,8873.59,0.24257088910958374
184,Skincare Product 184,Beauty,Skincare,1010.95,1327.04,316.0899999999999,0.23819176513142024
185,Skincare Product 185,Beauty,Skincare,9533.17,14300.91,4767.74,0.3333871760608241
186,Skincare Product 186,Beauty,Skincare,17048.22,26178.41,9130.189999999999,0.3487679351037744
187,Skincare Product 187,Beauty,Skincare,27091.34,47478.45,20387.109999999997,0.42939712648580564
188,Skincare Product 188,Beauty,Skincare,6650.23,10030.44,3380.210000000001,0.3369951866518319
189,Skincare Product 189,Beauty,Skincare,23426.41,30462.82,7036.41,0.2309835399349108
190,Skincare Product 190,Beauty,Skincare,1043.54,1567.22,523.6800000000001,0.33414581233011326
191,Skincare Product 191,Beauty,Skincare,14695.36,22662.87,7967.509999999998,0.3515666815368044
192,Skincare Product 192,Beauty,Skincare,19292.75,27222.4,7929.6500000000015,0.2912913629951805
193,Skincare Product 193,Beauty,Skincare,6964.99,11825.93,4860.9400000000005,0.41104082300504063
194,Skincare Product 194,Beauty,Skincare,23012.13,35089.46,12077.329999999998,0.34418682989136906
195,Skincare Product 195,Beauty,Skincare,5597.52,9901.22,4303.699999999999,0.4346636071110428
196,Skincare Product 196,Beauty,Skincare,23428.04,37707.79,14279.75,0.37869495931742486
197,Haircare Product 197,Beauty,Haircare,28451.59,34820.47,6368.880000000001,0.18290620431028073
198,Haircare Product 198,Beauty,Haircare,19386.7,28375.54,8988.84,0.31678128416234547
199,Haircare Product 199,Beauty,Haircare,1918.0,2616.9,698.9000000000001,0.2670717260881196
200,Haircare Product 200,Beauty,Haircare,6847.02,8160.75,1313.7299999999996,0.1609815274331403
201,Haircare Product 201,Beauty,Haircare,27253.72,32225.39,4971.669999999998,0.15427803976926263
202,Haircare Product 202,Beauty,Haircare,22336.24,35640.47,13304.23,0.3732899706429236
203,Haircare Product 203,Beauty,Haircare,17454.48,21002.48,3548.0,0.16893243083673928
204,Haircare Product 204,Beauty,Haircare,13659.55,16847.47,3187.920000000002,0.18922247672795986
205,Haircare Product 205,Beauty,Haircare,4874.97,7126.62,2251.6499999999996,0.31594921575725937
206,Haircare Product 206,Beauty,Haircare,15654.1,18210.01,2555.909999999998,0.14035741880427294
207,Haircare Product 207,Beauty,Haircare,16186.91,23311.21,7124.299999999999,0.30561691134866015
208,Haircare Product 208,Beauty,Haircare,17584.99,31526.12,13941.129999999997,0.4422088731502639
209,Haircare Product 209,Beauty,Haircare,12134.26,14375.8,2241.539999999999,0.15592453985169516
210,Haircare Product 210,Beauty,Haircare,24856.02,33991.42,9135.399999999998,0.26875605667547864
211,Makeup Product 211,Beauty,Makeup,13556.35,20989.76,7433.409999999998,0.35414459241077545
212,Makeup Product 212,Beauty,Makeup,23743.75,38528.18,14784.43,0.38373029818693744
213,Makeup Product 213,Beauty,Makeup,19753.83,33407.87,13654.04,0.40870728962965913
214,Makeup Product 214,Beauty,Makeup,14416.52,19248.34,4831.82,0.25102528321922823
215,Makeup Product 215,Beauty,Makeup,18506.15,28791.56,10285.41,0.35723698194887665
216,Makeup Product 216,Beauty,Makeup,1895.03,2377.88,482.85000000000014,0.2030590273689169
217,Makeup Product 217,Beauty,Makeup,26073.81,31789.09,5715.279999999999,0.17978746796463815
218,Makeup Product 218,Beauty,Makeup,3902.32,5195.76,1293.44,0.24894144456248943
219,Makeup Product 219,Beauty,Makeup,25639.29,42659.75,17020.46,0.3989817099256325
220,Makeup Product 220,Beauty,Makeup,29637.77,40940.58,11302.810000000001,0.2760784043606613
221,Makeup Product 221,Beauty,Makeup,22185.53,33486.39,11300.86,0.3374762104843192
222,Makeup Product 222,Beauty,Makeup,16129.21,19618.02,3488.8100000000013,0.17783700903557043
223,Makeup Product 223,Beauty,Makeup,28226.48,50218.73,21992.250000000004,0.43792923476957707
224,Makeup Product 224,Beauty,Makeup,13093.52,19249.25,6155.73,0.31979064119381273
225,Personal Care Product 225,Beauty,Personal Care,19028.91,30352.3,11323.39,0.37306530312365127
226,Personal Care Product 226,Beauty,Personal Care,28735.55,46243.2,17507.649999999998,0.3785994481350771
227,Personal Care Product 227,Beauty,Personal Care,12310.19,16103.15,3792.959999999999,0.2355414934345143
228,Personal Care Product 228,Beauty,Personal Care,29795.97,38141.09,8345.119999999995,0.21879605433405275
229,Personal Care Product 229,Beauty,Personal Care,3004.73,4620.21,1615.48,0.3496551022572567
230,Personal Care Product 230,Beauty,Personal Care,29435.88,40864.07,11428.189999999999,0.27966352837590575
231,Personal Care Product 231,Beauty,Personal Care,10701.49,17996.53,7295.039999999999,0.40535814404221254
232,Personal Care Product 232,Beauty,Personal Care,22396.42,36722.1,14325.68,0.39011058735747683
233,Personal Care Product 233,Beauty,Personal Care,3280.0,5044.13,1764.13,0.3497392018048702
234,Personal Care Product 234,Beauty,Personal Care,18342.31,23691.79,5349.48,0.22579467401998748
235,Personal Care Product 235,Beauty,Personal Care,27432.91,40590.44,13157.530000000002,0.32415342134748976
236,Personal Care Product 236,Beauty,Personal Care,2842.66,4819.64,1976.9800000000005,0.41019246250757324
237,Personal Care Product 237,Beauty,Personal Care,6495.52,11071.06,4575.539999999999,0.41328833914729024
238,Personal Care Product 238,Beauty,Personal Care,21373.71,33586.13,12212.419999999998,0.36361498035051965
239,Fitness Product 239,Sports,Fitness,26634.37,31556.64,4922.27,0.15598206906692222
240,Fitness Product 240,Sports,Fitness,16005.96,28267.22,12261.260000000002,0.4337624994605059
241,Fitness Product 241,Sports,Fitness,20991.44,25693.28,4701.84,0.18299882303855328
242,Fitness Product 242,Sports,Fitness,6374.01,10741.12,4367.110000000001,0.40657864356789614
243,Fitness Product 243,Sports,Fitness,15087.81,21528.98,6441.17,0.29918602739191547
244,Fitness Product 244,Sports,Fitness,14913.8,18978.43,4064.630000000001,0.21417103522261857
245,Fitness Product 245,Sports,Fitness,20561.38,25940.88,5379.5,0.2073753858774259
246,Fitness Product 246,Sports,Fitness,11792.72,19712.82,7920.1,0.40177407392752534
247,Fitness Product 247,Sports,Fitness,20793.38,29610.49,8817.11,0.2977698106312999
248,Fitness Product 248,Sports,Fitness,3791.92,6425.13,2633.21,0.4098298400188012
249,Fitness Product 249,Sports,Fitness,2491.08,3858.8,1367.7200000000003,0.35444179537680115
250,Fitness Product 250,Sports,Fitness,15901.13,21053.8,5152.67,0.24473824202756747
251,Fitness Product 251,Sports,Fitness,1291.6,2197.17,905.5700000000002,0.4121529057833486
252,Fitness Product 252,Sports,Fitness,9452.07,14568.79,5116.720000000001,0.35121104772599515
253,Outdoor Product 253,Sports,Outdoor,1877.21,2739.87,862.6599999999999,0.31485435440367604
254,Outdoor Product 254,Sports,Outdoor,5067.6,7004.52,1936.92,0.27652430145106305
255,Outdoor Product 255,Sports,Outdoor,9016.44,13392.37,4375.93,0.3267479915802804
256,Outdoor Product 256,Sports,Outdoor,10120.67,13118.31,2997.6399999999994,0.22850809288696483
257,Outdoor Product 257,Sports,Outdoor,20906.37,36324.26,15417.890000000003,0.42445159240683783
258,Outdoor Product 258,Sports,Outdoor,24645.8,32098.02,7452.220000000001,0.23217070710280574
259,Outdoor Product 259,Sports,Outdoor,18011.52,27573.8,9562.279999999999,0.3467886181810269
260,Outdoor Product 260,Sports,Outdoor,22803.43,28056.9,5253.470000000001,0.18724342318645326
261,Outdoor Product 261,Sports,Outdoor,14558.51,19377.28,4818.769999999999,0.248681445486673
262,Outdoor Product 262,Sports,Outdoor,22029.03,33978.5,11949.470000000001,0.351677384228262
263,Outdoor Product 263,Sports,Outdoor,4792.99,8349.41,3556.42,0.42594865984542624
264,Outdoor Product 264,Sports,Outdoor,23360.43,40408.51,17048.08,0.4218933091074133
265,Outdoor Product 265,Sports,Outdoor,3354.07,5620.31,2266.2400000000002,0.4032233097462596
266,Outdoor Product 266,Sports,Outdoor,2278.25,3508.8,1230.5500000000002,0.3507039443684451
267,Sportswear Product 267,Sports,Sportswear,22245.05,30247.4,8002.350000000002,0.26456323518715663
268,Sportswear Product 268,Sports,Sportswear,26441.42,31555.18,5113.760000000002,0.1620577033628077
269,Sportswear Product 269,Sports,Sportswear,22223.81,39734.96,17511.149999999998,0.44069882038386343
270,Sportswear Product 270,Sports,Sportswear,28470.67,37442.9,8972.230000000003,0.23962433465356592
271,Sportswear Product 271,Sports,Sportswear,14907.22,21222.39,6315.17,0.2975711029719085
272,Sportswear Product 272,Sports,Sportswear,5549.22,9754.35,4205.13,0.4311030463331744
273,Sportswear Product 273,Sports,Sportswear,24603.23,44149.2,19545.969999999998,0.4427253494967066
274,Sportswear Product 274,Sports,Sportswear,21258.72,30055.16,8796.439999999999,0.29267653208301
275,Sportswear Product 275,Sports,Sportswear,1312.22,2102.88,790.6600000000001,0.3759891196834817
276,Sportswear Product 276,Sports,Sportswear,11975.92,18220.66,6244.74,0.34272852904340456
277,Sportswear Product 277,Sports,Sportswear,7981.38,10518.14,2536.7599999999993,0.24117952413639668
278,Sportswear Product 278,Sports,Sportswear,24779.48,40146.8,15367.320000000003,0.3827782039913518
279,Sportswear Product 279,Sports,Sportswear,16734.79,22707.78,5972.989999999998,0.2630371617128578
280,Sportswear Product 280,Sports,Sportswear,2995.72,4203.74,1208.02,0.28736791523738386
281,Equipment Product 281,Sports,Equipment,23324.23,35966.43,12642.2,0.3514999959684628
282,Equipment Product 282,Sports,Equipment,458.57,757.41,298.84,0.39455512866215126
283,Equipment Product 283,Sports,Equipment,14214.74,20042.26,5827.519999999999,0.2907616206954704
284,Equipment Product 284,Sports,Equipment,19912.03,27269.3,7357.27,0.26980047159259685
285,Equipment Product 285,Sports,Equipment,28746.41,33920.53,5174.119999999999,0.15253653171103163
286,Equipment Product 286,Sports,Equipment,17696.87,28354.74,10657.870000000003,0.37587613217402105
287,Equipment Product 287,Sports,Equipment,9314.44,16051.15,6736.709999999999,0.41970263812873215
288,Equipment Product 288,Sports,Equipment,17462.99,25358.51,7895.519999999997,0.31135583281509827
289,Equipment Product 289,Sports,Equipment,18963.2,33081.93,14118.73,0.4267807228901095
290,Equipment Product 290,Sports,Equipment,1156.89,2071.33,914.4399999999998,0.4414748012146784
291,Equipment Product 291,Sports,Equipment,18416.11,31547.87,13131.759999999998,0.4162487039537059
292,Equipment Product 292,Sports,Equipment,21138.02,30641.39,9503.369999999999,0.3101481362301122
293,Equipment Product 293,Sports,Equipment,19154.32,33133.58,13979.260000000002,0.4219061145822456
294,Equipment Product 294,Sports,Equipment,9992.94,17634.64,7641.699999999999,0.43333461868232065
